木材,mokuzai_a1.jpg,#
木材,mokuzai_a2.jpg,#
木材,mokuzai_a3.jpg,#
木材,mokuzai_a4.jpg,#
木材,mokuzai_a5.jpg,#
木材,mokuzai_a6.jpg,#
,,#
,,#
金属,kinzoku_a01.jpg,#
金属,kinzoku_a02.jpg,#
,,#
プラスチック,prastik_a1.jpg,#
プラスチック,prastik_a2.jpg,#
プラスチック,prastik_a3.jpg,#
,,#
かんな,kanna_a1.jpg,#
かんな,kanna_a2.jpg,#
かんな,kanna_a3.jpg,#
かんな,kanna_a4.jpg,#
かんな,kanna_a5.jpg,#
かんな,kanna_a6.jpg,#
かんな,kanna_a7.jpg,#
,,#
,,#
,,#
のこぎり,nokogiri_a1.jpg,#
のこぎり,nokogiri_a2.jpg,#
,,#
ドリル,doriru_a1.jpg,#
ドリル,doriru_a2.jpg,#
,,#
,,#
釘ねじ,kugineji_a1.jpg,#
釘ねじ,kugineji_a2.jpg,#
釘ねじ,kugineji_a3.jpg,#
,,#
,,#
,,#
木材のけがき,mokuzaikegaki_a1.jpg,#
木材のけがき,mokuzaikegaki_a2.jpg,#
木材のけがき,mokuzaikegaki_a3.jpg,#
,,#
金属のけがき,kinzokukegaki_a1.jpg,#
金属のけがき,kinzokukegaki_a2.jpg,#
金属のけがき,kinzokukegaki_a3.jpg,#
金属のけがき,kinzokukegaki_a4.jpg,#
金属のけがき,kinzokukegaki_a5.jpg,#
,,#
,,#
めじきり,mejikiri_a1.jpg,#
めじきり,mejikiri_a2.jpg,#
,,#
,,#
やすり,yasuri_a1.jpg,#
やすり,yasuri_a2.jpg,#
,,#
折り曲げ,orimage_a1.jpg,#
折り曲げ,orimage_a2.jpg,#
折り曲げ,orimage_a3.jpg,#
,,#
,,#
塗装,tosou_a1.jpg,#
塗装,tosou_a2.jpg,#
塗装,tosou_a3.jpg,#
,,#
立体の製図,rittaiseizu_a1.jpg,#
立体の製図,rittaiseizu_a2.jpg,#
,,#
,,#
電気の基礎,denkikiso_a1.jpg,#
電気の基礎,denkikiso_a2.jpg,#
電気の基礎,denkikiso_a3.jpg,#
,,#
電気の事故,denkijiko_a1.jpg,#
,,#
コンピューター,conputer_a01.jpg,#
コンピューター,conputer_a02.jpg,#
コンピューター,conputer_a03.jpg,#
コンピューター,conputer_a04.jpg,#
コンピューター,conputer_a05.jpg,#
コンピューター,conputer_a06.jpg,#
コンピューター,conputer_a07.jpg,#
,,#
,,#
,,#
栽培,saibai_a1.jpg,#
栽培,saibai_a2.jpg,#
栽培,saibai_a3.jpg,#
栽培,saibai_a4.jpg,#
栽培,saibai_a5.jpg,#
,,#
畜産,chikusan_a1.jpg,#
養殖,yousyoku_a1.jpg,#
,,#
,,#
加工食品,kakousyokuhin_a1.jpg,#
加工食品,kakousyokuhin_a2.jpg,#
加工食品,kakousyokuhin_a3.jpg,#
加工食品,kakousyokuhin_a4.jpg,#
保存の仕方,hozonsikata_1.jpg,#
食品群,syokuhingun_a1.jpg,#
食品の特徴,syokuhintokutyou_a1.jpg,#
,,#
,,#
新鮮さ,sinsensa_1.jpg,#
,sinsensa_2.jpg,#
,,#
食事,syokuji_a1.jpg,#
食事,syokuji_a2.jpg,#
食事,syokuji_a3.jpg,#
食事,syokuji_a4.jpg,#
食事,syokuji_a5.jpg,#
,,#
調理,tyouri_a1.jpg,#
調理,tyouri_a2.jpg,#
,,#
料理切り方,ryourikirikata_a1.jpg,#
料理切り方,ryourikirikata_a2.jpg,#
,,#
,,#
水,mizu_a1.jpg,#
水,mizu_a2.jpg,#
水,mizu_a3.jpg,#
,,#
,,#
発達,hattatu_a1.jpg,#
発達,hattatu_a2.jpg,#
発達,hattatu_a3.jpg,#
,,#
,,#
生殖機能,seisyokukinou_a1.jpg,#
生殖機能,seisyokukinou_a2.jpg,#
生殖機能,seisyokukinou_a3.jpg,#
,,#
,,#
心の発達,kokorohattatu_a1.jpg,#
心の発達,kokorohattatu_a2.jpg,#
心の発達,kokorohattatu_a3.jpg,#
心の発達,kokorohattatu_a4.jpg,#
心の発達,kokorohattatu_a5.jpg,#
,,
,,
自然災害,sizensaigai_a1.jpg,#
自然災害,sizensaigai_a2.jpg,#
自然災害,sizensaigai_a3.jpg,#
自然災害,sizensaigai_a4.jpg,#
応急処置,oukyuusyochi_a1.jpg,#
,,#
,,#
障害、交通事故,syougai-koutuujiko_a1.jpg,#
障害、交通事故,syougai-koutuujiko_a2.jpg,#
障害、交通事故,syougai-koutuujiko_a3.jpg,#
,,#
,,#
生活習慣病,seikatusyuukanbyou_a1.jpg,#
生活習慣病,seikatusyuukanbyou_a2.jpg,#
,,#
,,#
感染症,kansensyou_a1.jpg,#
感染症,kansensyou_a2.jpg,#
感染症,kansensyou_a3.jpg,#
性感染症,seikansensyou_a1.jpg,#
,,#
,,#
環境,kankyou_a1.jpg,#
環境,kankyou_a2.jpg,#
環境,kankyou_a3.jpg,#
,,#
住居,juukyo_a1.jpg,#
住居,juukyo_a2.jpg,#
住居,juukyo_a3.jpg,#
,,#
,,#
,,#
家庭内事故,kateinaijiko_a1.jpg,#
家庭内事故,kateinaijiko_a2.jpg,#
,,#
,,#
,,#
喫煙,kituen_a1.jpg,#
,,#
飲酒,insyu_a1.jpg,#
,,#
薬物乱用,yakubuturanyou_a1.jpg,#
,,#
お金,okane_a1.jpg,#
お金,okane_a2.jpg,#
お金,okane_a3.jpg,#
お金,okane_a4.jpg,#
お金,okane_a5.jpg,#
お金,okane_a6.jpg,#
