荒城の月,koujounotuki_a1.jpg
荒城の月,koujounotuki_a2.jpg
荒城の月,koujounotuki_a3.jpg
,
早春賦,sousyunhu_a1.jpg
早春賦,sousyunhu_a2.jpg
,
夏の思い出,natunoomoide_a1.jpg
,
あかとんぼ,akatonbo_a1.jpg
,
花の街,hananomachi_a1.jpg
花の街,hananomachi_a2.jpg
,
花,hana_a1.jpg
花,hana_a2.jpg
,
浜辺の歌,hamabenouta_a1.jpg
,
,
,
,
フーガ,fuga_a1.jpg
フーガ,fuga_a2.jpg
,
,
,
,
ブルタバ,burutaba_a1.jpg
ブルタバ,burutaba_a2.jpg
ブルタバ,burutaba_a3.jpg
ブルタバ,burutaba_a4.jpg
ブルタバ,burutaba_a5.jpg
ブルタバ,burutaba_a6.jpg
ブルタバ,burutaba_a7.jpg
ブルタバ,burutaba_a8.jpg
ブルタバ,burutaba_a9.jpg
,
,
帰れソレントへ,kaeresorento_a1.jpg
帰れソレントへ,kaeresorento_a2.jpg
,
,
エーデルワイス,ederuwaisu_a1.jpg
,
ヴィヴァルディ　春,vivarudhi haru_a1.jpg
ヴィヴァルディ　春,vivarudhi haru_a2.jpg
ヴィヴァルディ　春,vivarudhi haru_a3.jpg
ヴィヴァルディ　春,vivarudhi haru_a4.jpg
ヴィヴァルディ　春,vivarudhi haru_a5.jpg
ヴィヴァルディ　春,vivarudhi haru_a6.jpg
ヴィヴァルディ　春,vivarudhi haru_a7.jpg
,
,
交響曲第５番 ハ短調,Beethoven_a1.jpg
交響曲第５番 ハ短調,Beethoven_a2.jpg
交響曲第５番 ハ短調,Beethoven_a3.jpg
交響曲第５番 ハ短調,Beethoven_a4.jpg
,
,
,
,
魔王,maou_a01.jpg
魔王,maou_a02.jpg
魔王,maou_a03.jpg
魔王,maou_a04.jpg
魔王,maou_a05.jpg
魔王,maou_a06.jpg
魔王,maou_a07.jpg
魔王,maou_a08.jpg
魔王,maou_a09.jpg
魔王,maou_a10.jpg
魔王,maou_a11.jpg
魔王,maou_a12.jpg
魔王,maou_a13.jpg
魔王,maou_a14.jpg
魔王,maou_a15.jpg
,
アイーダ,aida_a1.jpg
アイーダ,aida_a2.jpg
アイーダ,aida_a3.jpg
,
,
音楽記号,ongakukigou_a1.jpg
音楽記号,ongakukigou_a2.jpg
,
五線の名称,gosenmei.jpeg
五線以外の名称,jougesen.jpg
五線の間の名称,gosenkan.jpg
,
,
拍子,hyousi_a1.jpg
拍子,hyousi_a2.jpg
拍子,hyousi_a3.jpg
拍子,hyousi_a4.jpg
